pos,Channel,Title,Uploaded,Views,Like,Dislike,Comment
1,LuisFonsiVEVO,Luis Fonsi - Despacito ft. Daddy Yankee,2017-01-13,6624768021.0,36268297, 4369278,3195874
2,Ed Sheeran,Ed Sheeran - Shape of You [Official Video],2017-01-30,4615121833.0,21983809, 1198672,  930480
3,Wiz Khalifa,Wiz Khalifa - See You Again ft. Charlie Puth [Official Video] Furious 7 Soundtrack,2015-04-07,4406063311.0,26854397,   842923,1785923
4,MarkRonsonVEVO,Mark Ronson - Uptown Funk (Official Video) ft. Bruno Mars,2014-11-19,3772872081.0,13834260,   853640,  498164
5,officialpsy,PSY - GANGNAM STYLE(Í∞ïÎÇ®Ïä§ÌÉÄÏùº) M/V,2012-07-15,3511790845.0,17112838, 2314256,5000267
6,JustinBieberVEVO,Justin Bieber - Sorry (PURPOSE : The Movement),2015-10-22,3246141404.0,12471490, 1552967,  824338
7,Maroon5VEVO,Maroon 5 - Sugar (Official Music Video),2015-01-14,3122675213.0,11146004,   498404,  351095
8,KatyPerryVEVO,Katy Perry - Roar (Official),2013-09-05,3003032014.0,10633559,   851111,  651846
9,OneRepublicVEVO,OneRepublic - Counting Stars (Official Music Video),2013-05-31,2916924187.0,10905535,   379834,  359547
10,Ed Sheeran,Ed Sheeran - Thinking Out Loud [Official Video],2014-10-07,2906824610.0,10863321,   484497,  306502
11,TaylorSwiftVEVO,Taylor Swift - Shake It Off,2014-08-18,2874397163.0, 8970031,   962289,  521107
12,EnriqueIglesiasVEVO,"Enrique Iglesias - Bailando ft. Descemer Bueno, Gente De Zona (Espa√±ol)",2014-04-11,2817632682.0, 6831893,   498200,  215704
13,Major Lazer,Major Lazer & DJ Snake - Lean On (feat. M√ò) (Official Music Video),2015-03-23,2734653729.0,11625354,   515396,  393534
14,KatyPerryVEVO,Katy Perry - Dark Horse (Official) ft. Juicy J,2014-02-20,2722069547.0, 9691721, 1111555,  644021
15,LooLoo Kids - Nursery Rhymes and Children's Songs,Johny Johny Yes Papa üë∂ THE BEST Song for Children | LooLoo Kids,2016-10-08,2711440177.0, 6413487, 3866019,   91020
16,Alan Walker,Alan Walker - Faded,2015-12-04,2654698309.0,18663557,   500985,1045583
17,Passenger,Passenger | Let Her Go (Official Video),2012-07-25,2622907487.0,10151532,   333860,  328594
18,AdeleVEVO,Adele - Hello,2015-10-23,2618141900.0,15138070,   821740,  882268
19,jbalvinVEVO,"J Balvin, Willy William - Mi Gente (Official Video)",2017-06-30,2615324216.0,13373393,   847706,  470345
20,Maroon5VEVO,Maroon 5 - Girls Like You ft. Cardi B (Official Music Video),2018-05-31,2576380761.0,15896104,   662401,  587239
21,TaylorSwiftVEVO,Taylor Swift - Blank Space,2014-11-10,2550270659.0, 9714858,   678003,  565508
22,shakiraVEVO,Shakira - Chantaje (Official Video) ft. Maluma,2016-11-18,2496637399.0, 8271342,   727022,  382693
23,ChainsmokersVEVO,The Chainsmokers - Closer (Lyric) ft. Halsey,2016-07-29,2454967205.0,10183932,   489913,  355905
24,shakiraVEVO,Shakira - Waka Waka (This Time for Africa) (The Official 2010 FIFA World Cup‚Ñ¢ Song),2010-06-04,2421028016.0,10089984,   651526,  963012
25,Charlie Puth,Charlie Puth - We Don't Talk Anymore (feat. Selena Gomez) [Official Video],2016-08-02,2385391828.0, 9404384,   333567,  336803
26,MeghanTrainorVEVO,Meghan Trainor - All About That Bass (Official Music Video),2014-06-11,2349476076.0, 7438594,   833098,  468855
27,CalvinHarrisVEVO,Calvin Harris - This Is What You Came For (Official Video) ft. Rihanna,2016-06-17,2314079021.0, 8138602,   491664,  290535
28,Ed Sheeran,Ed Sheeran - Perfect (Official Music Video),2017-11-09,2278989059.0,11994581,   475495,  362952
29,Clean Bandit,Clean Bandit - Rockabye (feat. Sean Paul & Anne-Marie) [Official Video],2016-10-21,2274709297.0, 9304277,   465517,  255181
30,FifthHarmonyVEVO,Fifth Harmony - Work from Home ft. Ty Dolla $ign,2016-02-26,2240445558.0, 8746643,   578114,  443203
31,SiaVEVO,Sia - Chandelier (Official Music Video),2014-05-06,2197837839.0, 9108510,   544141,  517139
32,JustinBieberVEVO,Justin Bieber - Baby ft. Ludacris (Official Music Video),2010-02-19,2189084653.0,12766746,11092208,4680220
33,EllieGouldingVEVO,Ellie Goulding - Love Me Like You Do (Official Video),2015-01-22,2099265982.0, 9565349,   396690,  253105
34,JustinBieberVEVO,Justin Bieber - What Do You Mean? (Official Music Video),2015-08-31,2070446056.0, 8545727, 1100982,  507502
35,Flow La Movie,"Te Bote Remix - Casper, Nio Garc√≠a, Darell, Nicky Jam, Bad Bunny, Ozuna | Video Oficial",2018-04-11,2055899135.0, 8534476,   852167,  481647
36,Dua Lipa,Dua Lipa - New Rules (Official Music Video),2017-07-07,2019409819.0,11086938,   526658,  316594
37,Crazy Frog,Crazy Frog - Axel F (Official Video),2009-06-17,1994574818.0, 7474611, 1356349,  434342
38,Natti Natasha,Natti Natasha ‚ùå Ozuna - Criminal [Official Video],2017-08-18,1957848216.0, 5783077,   649718,  234294
39,LuisFonsiVEVO,"Luis Fonsi, Demi Lovato - √âchame La Culpa (Video Oficial)",2017-11-17,1952573521.0, 8404019,   656014,  326054
40,Fueled By Ramen,twenty one pilots: Stressed Out [OFFICIAL VIDEO],2015-04-28,1947831946.0,11880761,   435052,  512286
41,EminemVEVO,Eminem - Love The Way You Lie ft. Rihanna,2010-08-05,1932561440.0, 8487910,   314763,  531275
42,AviciiOfficialVEVO,Avicii - Wake Me Up (Official Video),2013-07-29,1896736011.0, 8277189,   269480,  565095
43,Ultra Music,El Chombo - Dame Tu Cosita feat. Cutty Ranks (Official Video) [Ultra Music],2018-04-05,1893125846.0, 7514292, 2357002,  378318
44,ShawnMendesVEVO,Shawn Mendes - Treat You Better,2016-07-12,1881916444.0, 8083413,   290797,  242558
45,capoVEVO,"Pedro Cap√≥, Farruko - Calma (Remix - Official Video)",2018-10-05,1816098953.0, 8693056,   665373,  270551
46,Bruno Mars,Bruno Mars - The Lazy Song (Official Video),2011-04-15,1801841652.0, 8259871,   466802,  427929
47,FifthHarmonyVEVO,Fifth Harmony - Worth It ft. Kid Ink,2015-03-28,1799604341.0, 7833830,   411661,  311855
48,NickyJamTV,Nicky Jam x J. Balvin - X (EQUIS) | Video Oficial | Prod. Afro Bros & Jeon,2018-03-02,1799307464.0, 7832285,   562275,  249804
49,ournameismagicVEVO,MAGIC! - Rude (Official Music Video),2013-12-06,1784032865.0, 6671622,   284542,  185760
50,ChainsmokersVEVO,The Chainsmokers & Coldplay - Something Just Like This (Lyric),2017-02-22,1767318956.0, 7579001,   310603,  226748
51,BeckyGVEVO,"Becky G, Bad Bunny - Mayores (Official Video)",2017-07-14,1765869250.0, 5635442,   661672,  294417
52,LMFAOVEVO,"LMFAO ft. Lauren Bennett, GoonRock - Party Rock Anthem (Official Video)",2011-03-09,1759047585.0, 7638555,   396986,  582556
53,Daddy Yankee,Daddy Yankee & Snow - Con Calma (Video Oficial),2019-01-24,1720780861.0, 8251596,   584598,  301378
54,SilentoVEVO,Silent√≥ - Watch Me (Whip/Nae Nae) (Official Music Video),2015-06-25,1708520846.0, 8492906,   958389,  407394
55,ArianaGrandeVevo,Ariana Grande - Side To Side ft. Nicki Minaj,2016-08-30,1701213031.0, 8725306,   523440,  481665
56,DJSnakeVEVO,"DJ Snake - Taki Taki ft. Selena Gomez, Ozuna, Cardi B (Official Music Video)",2018-10-10,1699867516.0,12813013,   798709,  474084
57,CamilaCabelloVEVO,Camila Cabello - Havana (Official Audio) ft. Young Thug,2017-08-03,1659590253.0, 8655740,   448162,  422589
58,jbalvinVEVO,J. Balvin - Ay Vamos (Official Video),2014-08-29,1657559165.0, 4080952,   277650,  117150
59,BeckyGVEVO,"Becky G, Natti Natasha - Sin Pijama (Official Video)",2018-04-20,1653266142.0, 6259752,   676363,  322029
60,AdeleVEVO,Adele - Rolling in the Deep,2010-11-30,1644996035.0, 6835346,   249476,  359956
61,TheWeekndVEVO,The Weeknd - Starboy (official) ft. Daft Punk,2016-09-28,1643861366.0, 7012650,   485544,  337710
62,Bruno Mars,Bruno Mars - That‚Äôs What I Like (Official Video),2017-03-02,1626802110.0, 8865440,   465113,  312026
63,johnlegendVEVO,John Legend - All of Me (Edited Video),2013-10-02,1608952759.0, 8358544,   267750,  193304
64,Marshmello,Marshmello - Alone (Official Music Video),2016-07-02,1607423886.0,15010323,   510603,  792645
65,RickyMartinVEVO,Ricky Martin - Vente Pa' Ca ft. Maluma (Official Music Video),2016-09-22,1600763213.0, 3390675,   380169,  122146
66,DrakeVEVO,Drake - Hotline Bling,2015-10-26,1592031813.0, 7892738,   625416,  404886
67,MalumaVEVO,Maluma - Felices los 4 (Official Video),2017-04-21,1577123266.0, 5329074,   609241,  245342
68,RomeoSantosVEVO,Romeo Santos - Propuesta Indecente (Official Video),2013-09-09,1559082559.0, 3149913,   263601,  104800
69,CNCOVEVO,CNCO - Reggaet√≥n Lento (Bailemos),2016-10-07,1555606444.0, 5219886,   470973,  289544
70,JustinBieberVEVO,Justin Bieber - Love Yourself (Official Music Video),2015-11-14,1530528318.0, 6677627,   477892,  240819
71,Daddy Yankee,Daddy Yankee - Dura (Video Oficial),2018-01-18,1529294876.0, 6681609,   601551,  259787
72,ChainsmokersVEVO,The Chainsmokers - Don't Let Me Down ft. Daya (Official Music Video),2016-04-29,1500621713.0, 8311827,   277459,  247417
73,Christina Perri,Christina Perri - A Thousand Years [Official Music Video],2011-10-26,1495976109.0, 8918996,   232806,  370169
74,JenniferLopezVEVO,Jennifer Lopez - On The Floor ft. Pitbull,2011-03-04,1495393963.0, 4948575,   284351,  366427
75,Piso 21,Piso 21 - D√©jala Que Vuelva (feat. Manuel Turizo) [Video Oficial],2017-10-20,1477721563.0, 2829000,   241674,   63289
76,ChinoNachoVEVO,Chino y Nacho - Andas En Mi Cabeza ft. Daddy Yankee (Video Oficial),2016-04-20,1458825549.0, 3556188,   283056,  161137
77,AdeleVEVO,Adele - Someone Like You,2011-09-29,1454961633.0, 6393882,   229259,  297837
78,TheWeekndVEVO,The Weeknd - The Hills,2015-05-27,1453160518.0, 7710853,   346014,  259472
79,JessieJVEVO,"Jessie J, Ariana Grande, Nicki Minaj - Bang Bang ft. Ariana Grande, Nicki Minaj",2014-08-26,1451243656.0, 6898592,   357530,  228646
80,SiaVEVO,Sia - Cheap Thrills ft. Sean Paul (Lyric Video),2016-02-11,1450032197.0, 6166859,   259732,  158599
81,RihannaVEVO,Rihanna - Diamonds,2012-11-09,1449134309.0, 6292791,   303740,  322473
82,MalumaVEVO,Maluma - Coraz√≥n (Official Video) ft. Nego do Borel,2017-12-08,1442255945.0, 4757200,   493535,  209444
83,Bruno Mars,Bruno Mars - Just The Way You Are [Official Video],2010-09-08,1439388072.0, 5091921,   198866,  205655
84,NickyJamTV,22. Hasta el Amanecer - Nicky Jam | Video Oficial,2016-01-15,1428675636.0, 3878788,   257308,  163030
85,Jason Derulo,Jason Derulo - Swalla (feat. Nicki Minaj & Ty Dolla $ign) (Official Music Video),2017-03-17,1426259112.0, 7217070,   672178,  233508
86,Canal KondZilla,MC Fioti - Bum Bum Tam Tam (KondZilla),2017-03-08,1407237273.0,10161250,   727477,  348770
87,ImagineDragonsVEVO,Imagine Dragons - Thunder,2017-05-03,1393137477.0, 8049629,   395905,  314756
88,Macklemore LLC,MACKLEMORE & RYAN LEWIS - THRIFT SHOP FEAT. WANZ (OFFICIAL VIDEO),2012-08-29,1390405007.0, 7847997,   314211,  460891
89,EllieGouldingVEVO,Ellie Goulding - Burn (Official Video),2013-07-07,1390080182.0, 4823727,   171394,  171127
90,Fueled By Ramen,twenty one pilots: Heathens (from Suicide Squad: The Album) [OFFICIAL VIDEO],2016-06-21,1389190647.0, 9659913,   281455,  410079
91,Danny Ocean,Danny Ocean -  Me Reh√∫so (Official Audio),2016-09-18,1372462903.0, 3949762,   312123,  150832
92,Ozuna,Ozuna x Romeo Santos - El Farsante (Remix) (Video Oficial),2018-01-30,1371543952.0, 3929666,   438489,  146376
93,MTZ Manuel Turizo,Una Lady Como T√∫ - MTZ Manuel Turizo | Video Oficial,2017-03-16,1366217233.0, 4084128,   292248,  141967
94,CarlosVivesVEVO,"Carlos Vives, Shakira - La Bicicleta",2016-07-08,1365576891.0, 3375251,   366894,  153044
95,Spinnin' Records,Martin Garrix - Animals (Official Video),2013-06-17,1364502412.0, 8122658,   294149,  291217
96,EminemVEVO,Eminem - Not Afraid (Official Video),2010-06-05,1362729496.0, 8097607,   227289,  816939
97,gotyemusic,Gotye - Somebody That I Used To Know (feat. Kimbra) - official music video,2011-07-05,1360793794.0, 7484676,   368200,  587612
98,ImagineDragonsVEVO,Imagine Dragons - Believer,2017-03-07,1357229208.0,11761144,   330556,  427443
99,DJKhaledVEVO,"DJ Khaled - I'm The One ft. Justin Bieber, Quavo, Chance the Rapper & Lil Wayne (Official Video)",2017-04-28,1353677312.0, 7919879,   664663,  373631
100,CalvinHarrisVEVO,Calvin Harris - Summer (Official Video),2014-04-06,1350794992.0, 4236053,   180786,  104895
101,TaylorSwiftVEVO,Taylor Swift - Bad Blood ft. Kendrick Lamar,2015-05-18,1341032643.0, 6893673,   540669,  438609
102,CalvinHarrisVEVO,Calvin Harris & Disciples - How Deep Is Your Love,2015-08-06,1336637076.0, 4263278,   209078,  118780
103,David Guetta,"David Guetta - Hey Mama (Official Video) ft Nicki Minaj, Bebe Rexha & Afrojack",2015-05-19,1336141281.0, 5182403,   265785,  134026
104,toycantando,LA VACA LOLA canciones infantiles,2016-04-13,1332760519.0, 3307623, 1872320,   55745
105,Linkin Park,Numb (Official Video) - Linkin Park,2007-03-05,1324241170.0, 7805288,   187639,  449686
106,GunsNRosesVEVO,Guns N' Roses - November Rain,2009-12-25,1301530353.0, 4304285,   246433,  242975
107,PULCINO PIO,PULCINO PIO - El Pollito Pio (Official video),2012-11-29,1298197067.0, 2684350,   942560,  150011
108,CarlosVivesVEVO,"Carlos Vives, Sebastian Yatra - Robarte un Beso (Official Video)",2017-07-28,1296779376.0, 3283407,   242393,   96752
109,ZaynVEVO,ZAYN - Dusk Till Dawn ft. Sia (Official Music Video),2017-09-07,1293787248.0, 7833566,   265042,  296970
110,officialpsy,PSY - GENTLEMAN M/V,2013-04-13,1288736448.0, 5807369,   866753,  967515
111,RosaliaVEVO,"ROSAL√çA, J Balvin - Con Altura (Official Video) ft. El Guincho",2019-03-28,1288590193.0, 5669464,   540333,  203340
112,NickyJamTV,21. El Perd√≥n - Nicky Jam y Enrique Iglesias  [Official Music Video YTMAs],2015-03-23,1285825102.0, 3553453,   199860,   92209
113,NickyJamTV,El Amante - Nicky Jam (Video Oficial)  (√Ålbum F√©nix),2017-01-16,1269155947.0, 3382096,   325350,  115186
114,JoeyMontanaVEVO,Joey Montana - Picky,2015-06-29,1250769906.0, 3036189,   361862,  202500
115,CarlyRaeJepsenVEVO,Carly Rae Jepsen - Call Me Maybe,2012-03-01,1248214426.0, 5721689,   321699,  589729
116,wisinofficalVEVO,Wisin - Esc√°pate Conmigo (Official Video) ft. Ozuna,2017-03-31,1247661992.0, 3211007,   290991,   87951
117,Coldplay,Coldplay - Hymn For The Weekend (Official Video),2016-01-29,1245067004.0, 7005138,   217620,  263467
118,Ozuna,Ozuna - Se Prepar√≥ (Video Oficial) | Odisea,2017-08-10,1240709934.0, 4311095,   350647,  171891
119,Coldplay,Coldplay - Paradise (Official Video),2011-10-19,1238109205.0, 5243880,   157636,  268794
120,SamSmithWorldVEVO,Sam Smith - I'm Not The Only One (Official Video),2014-08-01,1231220755.0, 4530568,   166072,  120991
121,Bruno Mars,Bruno Mars - 24K Magic (Official Video),2016-10-07,1221216256.0, 5622154,   344006,  215448
122,KatyPerryVEVO,Katy Perry - Firework (Official),2010-10-28,1219482005.0, 4417045,   227729,  413952
123,KatyPerryVEVO,Katy Perry - Last Friday Night (T.G.I.F.),2011-06-12,1218766279.0, 4702439,   362798,  387230
124,David Guetta,David Guetta - Titanium ft. Sia (Official Video),2011-12-21,1218025321.0, 5637471,   176284,  250951
125,GenteDeZonaVEVO,Gente de Zona - La Gozadera (Official Music Video) ft. Marc Anthony,2015-06-05,1213957936.0, 2333453,   173937,  113609
126,ShawnMendesVEVO,Shawn Mendes - Stitches (Official Video),2015-06-25,1213525052.0, 8264009,   262219,  383485
127,EnriqueIglesiasVEVO,"Enrique Iglesias - SUBEME LA RADIO (Official Video) ft. Descemer Bueno, Zion & Lennox",2017-02-24,1211630743.0, 4736994,   371523,  144710
128,MikePosnerVEVO,Mike Posner - I Took A Pill In Ibiza (Seeb Remix) (Explicit),2016-02-27,1203324134.0, 5501320,   268914,  201090
129,ArianaGrandeVevo,Ariana Grande - Problem ft. Iggy Azalea,2014-05-30,1201572750.0, 5315783,   310829,  274021
130,ChrisJedayVEVO,"Chris Jeday - Ahora Dice (Official Video) ft. J. Balvin, Ozuna, Arc√°ngel",2017-03-20,1197902043.0, 3821219,   284855,  149168
131,Bounce Patrol - Kids Songs,Baby Shark | Kids Songs and Nursery Rhymes | Animal Songs from Bounce Patrol,2018-05-12,1193815515.0, 2677622, 1472255,   57046
132,MalumaVEVO,Maluma - El Perdedor (Official Music Video),2016-04-22,1180038054.0, 2689050,   192616,  111086
133,PitbullVEVO,Pitbull - Timber ft. Ke$ha (Official Video),2013-11-25,1176553030.0, 3912219,   228961,  135271
134,LadyGagaVEVO,Lady Gaga - Bad Romance (Official Music Video),2009-11-24,1164756498.0, 4345997,   396105,  819317
135,RickyMartinVEVO,Ricky Martin - La Mordidita ft. Yotuel (Official Video),2015-06-12,1158944411.0, 1955915,   211660,   61787
136,PostMaloneVEVO,Post Malone - Congratulations ft. Quavo,2017-01-23,1158033677.0, 6556088,   368598,  239536
137,justintimberlakeVEVO,"Justin Timberlake - CAN'T STOP THE FEELING! (From DreamWorks Animation's ""Trolls"") (Official Video)",2016-05-17,1150087292.0, 4533967,   294376,  153234
138,SamSmithWorldVEVO,Sam Smith - Too Good At Goodbyes (Official Video),2017-09-18,1149291440.0, 5096587,   226665,  121579
139,PinkVEVO,P!nk - Just Give Me A Reason ft. Nate Ruess (Official Music Video),2013-02-05,1138997134.0, 4482222,   174321,  140875
140,TaylorSwiftVEVO,Taylor Swift - Look What You Made Me Do,2017-08-28,1128336189.0, 9221125, 1286615,  734000
141,PrinceRoyceVEVO,Prince Royce - Darte un Beso,2013-08-20,1126104044.0, 2959889,   185075,  125031
142,ImagineDragonsVEVO,Imagine Dragons - Radioactive,2012-12-10,1123087930.0, 6860920,   211055,  304312
143,AronChupaVEVO,AronChupa - I'm an Albatraoz | OFFICIAL VIDEO,2014-10-13,1120791356.0, 7621370,   295245,  244659
144,OneDirectionVEVO,One Direction - What Makes You Beautiful (Official Video),2011-08-19,1117341559.0, 6705767,   438748,1008544
145,Queen Official,Queen ‚Äì Bohemian Rhapsody (Official Video Remastered),2008-08-01,1101353996.0, 7139879,   238519,  497245
146,DrakeVEVO,Drake - God's Plan,2018-02-17,1098857438.0,11181931,   421689,  559639
147,DonOmarVEVO,Don Omar - Danza Kuduro ft. Lucenzo,2010-08-11,1097821647.0, 3008664,   173416,  185984
148,shakiraVEVO,Shakira - La La La (Brazil 2014) ft. Carlinhos Brown,2014-05-22,1086681967.0, 4636567,   308019,  247073
149,JamesAVEVO,James Arthur - Say You Won't Let Go (Official Music Video),2016-09-09,1078817569.0, 5102057,   148874,  138074
150,Cardi B,"Cardi B, Bad Bunny & J Balvin - I Like It [Official Music Video]",2018-05-29,1075527725.0, 7177319,   469240,  285349
151,RihannaVEVO,Rihanna - Work (Explicit) ft. Drake,2016-02-22,1072776821.0, 6167058,   575000,  386026
152,iamOTHER,Pharrell Williams - Happy (Official Music Video),2013-11-22,1072454508.0, 4623451,   243764,  161001
153,BLACKPINK,BLACKPINK - ‚ÄòÎöúÎëêÎöúÎëê (DDU-DU DDU-DU)‚Äô M/V,2018-06-15,1069905824.0,11769868,   685870,2150064
154,Charlie Puth,Charlie Puth - Attention [Official Video],2017-04-24,1068756460.0, 6928046,   198623,  198620
155,ThaliaVEVO,"Thal√≠a, Natti Natasha - No Me Acuerdo (Video Oficial)",2018-06-01,1067758733.0, 3241141,   394547,  220922
156,SiaVEVO,Sia - Elastic Heart feat. Shia LaBeouf & Maddie Ziegler (Official Video),2015-01-07,1065395023.0, 3959504,   300616,  275716
157,MileyCyrusVEVO,Miley Cyrus - Wrecking Ball (Official Video),2013-09-09,1060777200.0, 5474654, 1559938,1107851
158,TheWeekndVEVO,The Weeknd - Can't Feel My Face,2015-07-29,1055803565.0, 4659947,   194050,  170638
159,FrenchMontanaVEVO,French Montana - Unforgettable ft. Swae Lee (Official Music Video),2017-04-14,1049694923.0, 4857341,   271659,  128793
160,GunsNRosesVEVO,Guns N' Roses - Sweet Child O' Mine (Official Music Video),2009-12-25,1049065316.0, 4252958,   186005,  170708
161,RagnBoneManVEVO,Rag'n'Bone Man - Human (Official Video),2016-07-21,1049063784.0, 6728946,   216333,  169489
162,jbalvinVEVO,J Balvin - 6 AM ft. Farruko (Official Video),2014-04-04,1039309470.0, 2015196,   130308,   55508
163,ArianaGrandeVevo,Ariana Grande - Break Free ft. Zedd,2014-08-13,1033681364.0, 4639100,   320849,  303871
164,TaylorSwiftVEVO,Taylor Swift - You Belong With Me,2009-06-16,1028304249.0, 5105199,   188953,  322916
165,T-Series Apna Punjab,"Laung Laachi Title Song  Mannat Noor | Ammy Virk, Neeru Bajwa,Amberdeep | Latest Punjabi Movie 2018",2018-02-21,1026522344.0, 3342359,   519769,  213253
166,SamSmithWorldVEVO,Sam Smith - Stay With Me (Official Video),2014-03-28,1025292618.0, 4281204,   149060,  116766
167,NirvanaVEVO,Nirvana - Smells Like Teen Spirit,2009-06-16,1024182845.0, 6038990,   182814,  361863
168,shakiraVEVO,Shakira - Can't Remember to Forget You ft. Rihanna,2014-01-31,1015840085.0, 4099663,   309448,  230908
169,Lil pump,"Lil Pump - ""Gucci Gang"" (Official Music Video)",2017-10-23,1014738382.0, 9929322, 1541026,  747943
170,Alan Walker,Alan Walker - Alone,2016-12-02,1012200043.0, 7749199,   177526,  368134
171,Coldplay,Coldplay - Adventure Of A Lifetime (Official Video),2015-11-29,1008885700.0, 3600080,   220255,  116435
172,Canal KondZilla,MC Kevinho - Olha a Explos√£o (KondZilla),2016-12-26,1007041679.0, 6522367,   494295,  252446
173,NaughtyBoyVEVO,Naughty Boy - La la la ft. Sam Smith (Official Video),2013-04-18,1005478983.0, 4717943,   319572,  284994
174,Tekashi 6ix9ine,BEBE - 6ix9ine Ft. Anuel AA (Prod. By Ronny J) (Official Music Video),2018-08-31,1002774002.0, 5362026,   656342,  392171
175,a-ha,a-ha - Take On Me (Official 4K Music Video),2010-01-06,996043826.0, 4323097,   157440,  200307
176,EminemVEVO,Eminem - Rap God (Explicit) [Official Video],2013-11-27,996009422.0,11850582,   390197,  932607
177,PitbullVEVO,Pitbull - Rain Over Me ft. Marc Anthony (Official Video),2011-07-22,989074811.0, 2861739,   136483,  155093
178,NickyJamTV,Travesuras - Nicky Jam | Video Oficial,2014-07-03,988486404.0, 2015767,   164819,   59440
179,TheCranberriesVEVO,The Cranberries - Zombie (Official Music Video),2009-06-16,986716856.0, 4698257,   194855,  259469
180,Bad Bunny,Bad Bunny feat. Drake - Mia ( Video Oficial ),2018-10-11,984440885.0, 5341573,   312733,  186221
181,Beyonc√©VEVO,Beyonc√© - Halo,2009-10-03,982376953.0, 4290379,   153121,  146814
182,MalumaVEVO,Maluma - Sin Contrato (Official Video),2016-08-26,980301256.0, 1896480,   159507,   69364
183,Major Lazer,Major Lazer - Cold Water (feat. Justin Bieber & M√ò) (Official Lyric Video),2016-07-22,977863719.0, 4187905,   167174,  214525
184,Zion & Lennox,Zion & Lennox ft. J Balvin - Otra Vez (Video Oficial),2016-08-05,974668757.0, 2143718,   139719,   67924
185,Ultra Music,OMI - Cheerleader (Felix Jaehn Remix) [Official Video],2015-04-08,963942558.0, 4798174,   206692,  157311
186,David Guetta,"David Guetta - Play Hard ft. Ne-Yo, Akon (Official Video)",2013-04-22,961705888.0, 2686466,   159058,  109303
187,EnriqueIglesiasVEVO,Enrique Iglesias - El Perdedor ft. Marco Antonio Sol√≠s,2014-01-20,960607946.0, 2540846,   162607,   74942
188,iggyazaleamusicVEVO,Iggy Azalea - Fancy ft. Charli XCX (Official Music Video),2014-03-04,957533044.0, 4139066,   320642,  233184
189,DaddyYankeeVEVO,Daddy Yankee - Limbo (Video Oficial),2012-10-27,957110954.0, 2868484,   169190,  125434
190,PostMaloneVEVO,"Post Malone, Swae Lee - Sunflower (Spider-Man: Into the Spider-Verse)",2018-10-18,953567093.0, 6485275,   231638,  199712
191,Official Arctic Monkeys,Arctic Monkeys - Do I Wanna Know? (Official Video),2013-06-19,953515266.0, 4841715,   159559,  107690
192,ZaynVEVO,ZAYN - PILLOWTALK (Official Music Video),2016-01-29,952824117.0, 6109165,   490382,  377618
193,EnriqueIglesiasVEVO,Enrique Iglesias - DUELE EL CORAZON ft. Wisin,2016-05-13,952518761.0, 3200719,   193423,  102234
194,AnuelVEVO,"Anuel AA, KAROL G - Secreto",2019-01-15,952138763.0, 5098193,   357122,  219823
195,ChrisBrownVEVO,"Chris Brown - Loyal (Explicit) ft. Lil Wayne, Tyga",2014-03-24,951062264.0, 3562832,   207440,  126973
196,KatyPerryVEVO,Katy Perry - Hot N Cold (Official),2008-10-14,945687636.0, 3408297,   188097,  152737
197,Lukas Graham,Lukas Graham - 7 Years [OFFICIAL MUSIC VIDEO],2015-12-15,943783166.0, 6018503,   200794,  244220
198,twenty one pilots,twenty one pilots - Ride (Official Video),2015-05-13,942590601.0, 6500822,   164997,  254233
199,DJSnakeVEVO,"DJ Snake, Lil Jon - Turn Down for What (Official Video)",2014-03-14,937080441.0, 7252004,   496645,  356116
200,Ozuna,Vaina Loca - Ozuna x Manuel Turizo (Video Oficial),2018-06-28,933640316.0, 2973230,   207805,   80872
201,systemofadownVEVO,System Of A Down - Chop Suey!,2009-10-03,932202152.0, 4651176,   221383,  284503
202,Hear This Music,Arcangel x Bad Bunny X Dj Luian X Mambo Kingz - Tu No Vive Asi [Video oficial],2016-10-02,930521785.0, 3595574,   326396,  191160
203,El Reino Infantil,La Vaca Lola - Canciones de La Granja de Zen√≥n 2,2014-04-12,928082256.0, 1991521, 1100068,   46660
204,Ozuna,Ozuna - S√≠guelo Bailando (Video Oficial),2017-11-09,925148335.0, 3081614,   221978,  128787
205,Linkin Park,In The End (Official Video) - Linkin Park,2009-10-26,924453395.0, 5425938,   145401,  277759
206,JustinBieberVEVO,Justin Bieber - Never Say Never ft. Jaden Smith (Official Music Video),2010-05-27,924347412.0, 5005975,   666829,  444593
207,Big Hit Labels,BTS (Î∞©ÌÉÑÏÜåÎÖÑÎã®) 'DNA' Official MV,2017-09-18,919327455.0,12106486,   664740,4607541
208,ShawnMendesVEVO,"Shawn Mendes, Camila Cabello - Se√±orita",2019-06-21,917330535.0,14772338,   422202,  540613
209,MalumaVEVO,Maluma - Borro Cassette (Official Music Video),2015-08-28,914740778.0, 2373439,   156819,  106694
210,Bruno Mars,Bruno Mars - Grenade [Official Video],2010-11-22,913954407.0, 3594907,   111685,  265273
211,NickiMinajAtVEVO,Nicki Minaj - Anaconda,2014-08-20,913673231.0, 4730981, 1633344,  560332
212,JhayCortezVEVO,"Jhay Cortez, J. Balvin, Bad Bunny - No Me Conoce (Remix)",2019-05-17,912571632.0, 3205896,   201046,   62797
213,KatyPerryVEVO,Katy Perry - Wide Awake (Official),2012-06-18,911220420.0, 3335995,   185011,  227905
214,TygaVEVO,Tyga - Taste (Official Video) ft. Offset,2018-05-16,909603837.0, 4580510,   279914,  105664
215,HaAshVEVO,HA-ASH - Lo Aprend√≠ de Ti (Primera Fila - Hecho Realidad [En Vivo]),2015-03-06,909516068.0, 2244626,   164794,   48920
216,MalumaVEVO,"Maluma - Cuatro Babys (Official Video) ft. Trap Capos, Noriel, Bryant Myers, Juhn",2016-10-14,907963976.0, 3117235,   721834,  329018
217,Migos ATL,Migos - Bad and Boujee ft Lil Uzi Vert [Official Video],2016-10-31,907810718.0, 5220995,   396026,  216567
218,JustinBieberVEVO,Justin Bieber - Beauty And A Beat ft. Nicki Minaj (Official Music Video),2012-10-12,906328083.0, 4822846,   845645,  566288
219,Clean Bandit,Clean Bandit - Symphony (feat. Zara Larsson) [Official Video],2017-03-17,905761651.0, 4865098,   200055,  156402
220,whitneyhoustonVEVO,Whitney Houston - I Will Always Love You,2010-09-28,904903852.0, 4714630,   183511,  206301
221,jbalvinVEVO,J Balvin - Si Tu Novio Te Deja Sola ft. Bad Bunny (Official Video),2017-03-04,903877548.0, 2917461,   246623,  111102
222,LosAngelesAzulesVEVO,Los √Ångeles Azules - Mis Sentimientos ft. Ximena Sari√±ana (Live),2014-08-01,903476117.0, 1355909,   187416,   50704
223,Ed Sheeran,Ed Sheeran - Photograph (Official Music Video),2015-05-10,899708238.0, 4620291,   131271,  142093
224,Michel Tel√≥,Michel Tel√≥ - Ai Se Eu Te Pego -  Video Oficial (Assim voc√™ me mata),2011-07-25,896924856.0, 2776391,   198424,  282786
225,RihannaVEVO,Rihanna - We Found Love ft. Calvin Harris,2011-10-20,890839958.0, 3083057,   163720,  194212
226,ChristianNodalVEVO,Christian Nodal - Adi√≥s Amor (Video Oficial),2017-01-13,889143204.0, 2573349,   245786,   91378
227,marcanthonyVEVO,Marc Anthony - Vivir Mi Vida (Official Video),2013-09-10,882679225.0, 2002224,   171110,   63171
228,MileyCyrusVEVO,Miley Cyrus - We Can't Stop (Official Video),2013-06-19,881706128.0, 3824746, 1366530,  885912
229,reikVEVO,"Reik - Me Niego ft. Ozuna, Wisin",2018-02-16,881521511.0, 2862554,   223823,   85272
230,Zee Music Company,Mile Ho Tum - Reprise Version | Neha Kakkar | Tony Kakkar | Fever,2016-07-27,880002892.0, 4449703,   481398,  303798
231,ArianaGrandeVevo,Ariana Grande - no tears left to cry,2018-04-20,879782659.0, 6174567,   300651,  358665
232,El Reino Infantil,El Gallo y la Pata - Canciones de la Granja de Zen√≥n 2,2014-03-15,879693163.0, 1521221,   870453,   25652
233,50CentVEVO,50 Cent - In Da Club (Int'l Version) [Official Video],2009-06-16,878636265.0, 3800753,   171947,  157425
234,T-Series,Guru Randhawa: High Rated Gabru Official Song | DirectorGifty | T-Series,2017-07-04,878464543.0, 3666709,   378708,  185340
235,Ed Sheeran,Ed Sheeran - Shape Of You [Official Lyric Video],2017-01-06,877066228.0, 4730445,   230393,  163649
236,DJKhaledVEVO,"DJ Khaled ft. Rihanna, Bryson Tiller - Wild Thoughts (Official Video)",2017-06-16,875073410.0, 4431135,   304282,  139303
237,XXXTENTACION,XXXTENTACION - SAD!,2018-03-02,873486812.0, 8597051,   185747,1056440
238,David Guetta,David Guetta & Showtek - Bad ft.Vassy (Lyrics Video),2014-04-10,873348267.0, 3495364,   163243,   91980
239,Ozuna,Ozuna - El Farsante (Audio Oficial) | Odisea,2017-07-03,873013331.0, 3339065,   219901,  171941
240,Bebe Rexha,Bebe Rexha - Meant to Be (feat. Florida Georgia Line) [Official Music Video],2017-10-23,871329135.0, 3680410,   221820,   87978
241,EminemVEVO,Eminem - Without Me (Official Video),2009-06-16,868377576.0, 4959276,   159979,  205357
242,ShawnMendesVEVO,Shawn Mendes - There's Nothing Holdin' Me Back,2017-06-21,868111650.0, 5932994,   147745,  181596
243,ArianaGrandeVevo,Ariana Grande - Focus,2015-10-30,867284417.0, 4882837,   434877,  415842
244,jbalvinVEVO,"J Balvin - Safari ft. Pharrell Williams, BIA, Sky (Official Video)",2016-09-02,865538627.0, 2866524,   162824,   87386
245,CamilaCabelloVEVO,Camila Cabello - Havana (Official Music VIdeo) ft. Young Thug,2017-10-24,864528202.0, 8630212,   427442,  452174
246,RihannaVEVO,Rihanna - Stay ft. Mikky Ekko,2013-02-12,862000633.0, 3409216,   167069,  150520
247,MikeWillMadeitVEVO,"Mike WiLL Made-It - 23 ft. Miley Cyrus, Wiz Khalifa, Juicy J (Official Music Video)",2013-09-24,861064571.0, 4015630,   447841,  275656
248,KatyPerryVEVO,Katy Perry - Bon App√©tit (Official) ft. Migos,2017-05-12,858278333.0, 4990628,   893778,  322142
249,LosAngelesAzulesVEVO,Los √Ångeles Azules - Nunca Es Suficiente ft. Natalia Lafourcade (Live),2018-04-20,857800731.0, 2211152,   248184,   90553
250,Maroon5VEVO,Maroon 5 - One More Night (Official Music Video),2012-06-26,856247708.0, 3171038,   100989,  120686
251,Bruno Mars,Bruno Mars - When I Was Your Man (Official Video),2013-02-05,855273122.0, 3914293,   116329,  151392
252,RomeoSantosVEVO,Romeo Santos - Eres M√≠a,2014-07-16,853408342.0, 2151565,   166766,   56558
253,ChinoNachoVEVO,Chino & Nacho - Me Voy Enamorando ft. Farruko (Remix) (Official Music Video),2015-05-07,849855933.0, 2309038,   138754,   75968
254,DJSnakeVEVO,DJ Snake - Let Me Love You ft. Justin Bieber (Official Video),2016-11-29,848652883.0, 5676038,   211131,  157144
255,T-Series Bhakti Sagar,"‡§π‡§®‡•Å‡§Æ‡§æ‡§® ‡§ö‡§æ‡§≤‡•Ä‡§∏‡§æ Hanuman Chalisa I GULSHAN KUMAR I HARIHARAN, Full HD Video I Shree Hanuman Chalisa",2011-05-10,846475340.0, 2428612,   465199,  224025
256,Mountain Apple Company Inc,"OFFICIAL Somewhere over the Rainbow - Israel ""IZ"" Kamakawiwo ªole",2010-04-12,836410465.0, 5130294,   211890,  277791
257,OneDirectionVEVO,One Direction - Drag Me Down (Official Video),2015-08-21,833224074.0, 6788813,   218751,  636027
258,Jason Derulo,"Jason Derulo - ""Wiggle"" feat. Snoop Dogg (Official Music Video)",2014-05-21,830024482.0, 3631626,   226082,  108824
259,RahatFAKhanVEVO,Rahat Fateh Ali Khan - Zaroori Tha,2014-06-09,829525310.0, 3345829,   391840,  210201
260,T-Series,Guru Randhawa: Lahore (Official Video) Bhushan Kumar | Vee | DirectorGifty | T-Series,2017-12-14,823295024.0, 3925665,   477095,  245017
261,Its JoJo Siwa,JoJo Siwa - BOOMERANG (Official Video),2016-05-18,817002255.0, 4085392,   846192,       NULL
262,CaliyElDandeeVEVO,"Cali Y El Dandee - Por Fin Te Encontr√© ft. Juan Magan, Sebastian Yatra (Video Oficiel)",2015-09-25,816420400.0, 1807270,    93270,   60066
263,Codiscos,"Bella, Wolfine - Video Oficial",2017-09-30,815664429.0, 3207632,   278580,  155757
264,Tekashi 6ix9ine,"6ix9ine, Nicki Minaj, Murda Beatz - ‚ÄúFEFE‚Äù (Official Music Video)",2018-07-22,813508202.0, 6522936,   837573,  477985
265,BonJoviVEVO,Bon Jovi - It's My Life (Official Music Video),2009-06-17,812679950.0, 3662350,   131249,  120694
266,NickiMinajAtVEVO,Nicki Minaj - Super Bass,2011-05-05,811262243.0, 3188447,   366708,  411368
267,Ricardo Arjona,Ricardo Arjona - Fuiste t√∫ feat. Gaby Moreno (Video Oficial),2012-02-09,809572494.0, 1477677,   126583,   58997
268,jbalvinVEVO,J. Balvin - Ginza (Official Video),2015-07-21,809419173.0, 3060868,   214191,  119075
269,YRF,"Swag Se Swagat | Song | Tiger Zinda Hai | Salman Khan, Katrina Kaif | Vishal & Shekhar, Irshad, Neha",2017-11-21,808665038.0, 3051070,   405556,  206632
270,CyndiLauperVEVO,Cyndi Lauper - Girls Just Want To Have Fun (Official Video),2009-10-25,807211873.0, 3022678,   152045,  122642
271,4NonBlondesVEVO,4 Non Blondes - What's Up (Official Video),2011-02-23,802214977.0, 3181840,   172474,  117776
272,Saad Lamjarred | ÿ≥ÿπÿØ ŸÑŸÖÿ¨ÿ±ÿØ,Saad Lamjarred - LM3ALLEM (Exclusive Music Video) |  (ÿ≥ÿπÿØ ŸÑŸÖÿ¨ÿ±ÿØ - ŸÑŸÖÿπŸÑŸÖ (ŸÅŸäÿØŸäŸà ŸÉŸÑŸäÿ® ÿ≠ÿµÿ±Ÿä,2015-05-02,801369039.0, 4420367,   418605,  201293
273,KarolGVEVO,"KAROL G, Anuel AA - Culpables",2018-09-14,798654210.0, 3266609,   222150,  106927
274,Ozuna,Ozuna - Tu Foto (Video Oficial) | Odisea,2017-04-28,797866515.0, 3179054,   235737,  151491
275,RihannaVEVO,Rihanna - What's My Name? ft. Drake,2010-11-12,797139192.0, 2302761,   118209,  162907
276,KatyPerryVEVO,Katy Perry - Part Of Me (Official),2012-03-21,796163180.0, 3309484,   166748,  216323
277,LordeVEVO,Lorde - Royals (US Version),2013-06-18,795732878.0, 3400598,   255646,  200558
278,ThaliaVEVO,Thal√≠a - Desde Esa Noche (Premio Lo Nuestro 2016) ft. Maluma,2016-03-05,794191596.0, 1949730,   209794,  127196
279,LadyGagaVEVO,"Lady Gaga, Bradley Cooper - Shallow (A Star Is Born)",2018-09-27,790855559.0, 4985607,   157236,  143850
280,Coldplay,Coldplay - The Scientist,2011-05-27,787781565.0, 3431428,    98091,   90095
281,El Reino Infantil,Patitos Cua Cua Cua - Canciones y cl√°sicos infantiles,2014-12-06,785502132.0, 1190469,   746842,   22226
282,KarolGVEVO,Karol G & Bad Bunny - Ahora Me Llama,2017-06-08,781789717.0, 3158421,   209504,  128523
283,OneDirectionVEVO,One Direction - Story of My Life,2013-11-03,781679431.0, 5544945,   201017,  577755
284,JustinBieberVEVO,Justin Bieber - Boyfriend (Official Music Video),2012-05-03,780074456.0, 4612738, 1025864,  635606
285,DopeLyrics,Perfect - Ed Sheeran (Lyrics),2017-11-29,780055486.0, 2985210,   182430,  112570
286,RaeSremmurdVEVO,Rae Sremmurd - No Type (Official Video),2014-09-17,779464168.0, 4410360,   293825,  157734
287,Post Malone,Post Malone - White Iverson,2015-07-19,779303266.0, 3999979,   246534,  172441
288,RaeSremmurdVEVO,Rae Sremmurd - Black Beatles ft. Gucci Mane (Official Video),2016-09-22,775349681.0, 5478895,   294556,  197673
289,Skrillex,SKRILLEX - Bangarang feat. Sirah [Official Music Video],2012-02-16,775236405.0, 5287572,   217233,  362056
290,wisinofficalVEVO,"Wisin - Adrenalina (Official Video) ft. Jennifer Lopez, Ricky Martin",2014-03-03,774951977.0, 1626951,   116935,   46329
291,CalvinHarrisVEVO,Calvin Harris - I Need Your Love (Official Video) ft. Ellie Goulding,2013-04-14,773565765.0, 2408002,    78806,   75073
292,NachoVEVO,"Nacho, Yandel, Bad Bunny - B√°ilame (Remix)",2017-08-11,771913989.0, 2523465,   187621,  117013
293,Alex Rose,"Alex Rose - Toda (Remix) Ft. Cazzu, Lenny Tavarez, Lyanno & Rauw Alejandro (Video Oficial)",2018-06-01,771597167.0, 2646155,   172575,   64093
294,Wunderbar Studios,"Maari 2 - Rowdy Baby (Video Song) | Dhanush, Sai Pallavi | Yuvan Shankar Raja | Balaji Mohan",2019-01-02,770421958.0, 2979010,   468204,  151606
295,ImagineDragonsVEVO,Imagine Dragons - Demons (Official Video),2013-05-07,769398513.0, 4973024,   108258,  177958
296,williamVEVO,will.i.am - Scream & Shout ft. Britney Spears (Official Music Video),2012-11-29,765867471.0, 3199626,   240434,  280910
297,BillieEilishVEVO,Billie Eilish - bad guy,2019-03-29,760415784.0,11926797,   812925,  570687
298,shakiraVEVO,Shakira - Perro Fiel (Official Video) ft. Nicky Jam,2017-09-15,758461218.0, 2608002,   248584,  114249
299,ToveLoVEVO,Tove Lo - Habits (Stay High) - Hippie Sabotage Remix,2014-04-04,757510501.0, 3656126,   136857,   85262
300,officialpsy,PSY (ft. HYUNA) - Ïò§Îπ§ Îî± ÎÇ¥ Ïä§ÌÉÄÏùº M/V,2012-08-14,756508022.0, 2364865,   494788,  364319
301,Bad Bunny,Bad Bunny - Amorfoda | Video Oficial,2018-02-15,755782215.0, 5736731,   400476,  347932
302,RihannaVEVO,Rihanna - Only Girl (In The World),2010-10-12,755108285.0, 2108787,    93934,  118172
303,EminemVEVO,Eminem - When I'm Gone (Official Music Video),2009-06-17,752659419.0, 4089075,   117274,  266591
304,HaAshVEVO,"HA-ASH - Perd√≥n, Perd√≥n (Primera Fila - Hecho Realidad [En Vivo])",2014-10-27,748889531.0, 2062316,   129005,   53323
305,ArianaGrandeVevo,Ariana Grande - Into You,2016-05-24,747887258.0, 3864401,   157707,  168557
306,ScorpionsVEVO,Scorpions - Wind Of Change (Official Music Video),2009-11-01,743926906.0, 2745650,   113570,   92364
307,El Reino Infantil,El Pollito P√≠o 3D - Canciones de la Granja de Zen√≥n 2,2014-03-22,743874612.0, 1306030,   737519,   28964
308,jesseyjoyoficial,#Jesse&Joy - ¬°Corre!,2011-12-02,743687172.0, 1608401,    98056,   82431
309,Hear This Music,Sensualidad - Bad Bunny X Prince Royce X J Balvin X Dj Luian X Mambo Kingz,2017-11-03,743186288.0, 3218481,   248363,  137436
310,michaeljacksonVEVO,Michael Jackson - Billie Jean (Official Video),2009-10-03,742328033.0, 3902383,   142130,  207834
311,Beyonc√©VEVO,Beyonc√© - Single Ladies (Put a Ring on It) (Video Version),2009-10-03,741637472.0, 2528556,   133519,  122755
312,JohnNewmanVEVO,John Newman - Love Me Again,2013-05-08,739060733.0, 3880567,   101771,  141961
313,AyoandTeoVEVO,Ayo & Teo - Rolex (Official Music Video),2017-05-26,738606617.0, 6618709,   363922,  280624
314,El Reino Infantil,Las Canciones de la Granja de Zen√≥n - Lo Mejor de lo Mejor en HD - El Reino Infantil,2015-04-04,737772895.0, 1225581,   756678,   33531
315,SebastianYatraVEVO,Sebasti√°n Yatra - No Hay Nadie M√°s,2018-01-26,737758313.0, 2730242,   109938,   80850
316,Bounce Patrol - Kids Songs,Halloween Baby Shark | Kids Songs and Nursery Rhymes | Halloween Songs from Bounce Patrol,2018-10-13,736064624.0, 1345949,   815797,   22001
317,ThePoliceVEVO,The Police - Every Breath You Take,2010-02-23,735757611.0, 2582673,    90254,   78438
318,T-Series,"SIMMBA: Aankh Marey Lyrical | Ranveer Singh, Sara Ali Khan | Tanishk Bagchi,Neha Kakkar, Kumar Sanu",2018-12-11,735455285.0, 1817107,   526072,   62221
319,BLACKPINK,BLACKPINK - 'Kill This Love' M/V,2019-04-04,734113880.0,11895962,   783330,1647609
320,shakiraVEVO,Shakira - Hips Don't Lie (Official Music Video) ft. Wyclef Jean,2009-10-03,732286235.0, 2989614,   115229,  148949
321,BackstreetBoysVEVO,Backstreet Boys - I Want It That Way,2009-10-25,730773508.0, 3268075,   127094,  167327
322,RockCityVEVO,R. City ft. Adam Levine - Locked Away (Official Video),2015-08-14,730429600.0, 3740739,   100019,   92655
323,KatyPerryVEVO,Katy Perry - This Is How We Do (Official),2014-07-31,729423928.0, 2710667,   234198,  137198
324,EuropeVEVO,Europe - The Final Countdown (Official Video),2009-10-25,729114231.0, 3135959,   135015,  160882
325,Clean Bandit,Clean Bandit - Solo (feat. Demi Lovato) [Official Video],2018-05-31,728504012.0, 4740741,   174292,  119887
326,NellyVEVO,Nelly - Dilemma ft. Kelly Rowland (Official Music Video),2009-10-05,728305378.0, 3448479,   143245,   98848
327,Ozuna,Ozuna - Te Vas (Video Oficial),2016-05-27,727394772.0, 2632175,   159384,  145528
328,Fueled By Ramen,Fun.: We Are Young ft. Janelle Mon√°e [OFFICIAL VIDEO],2011-12-28,726563895.0, 3889430,   113270,  207003
329,NoDoubtVEVO,No Doubt - Don't Speak (Official Music Video),2009-10-07,725627828.0, 2225135,   107438,   57965
330,KatyPerryVEVO,Katy Perry - The One That Got Away (Official),2011-11-11,725384692.0, 2652112,    85826,  179824
331,DisneyMusicVEVO,Auli'i Cravalho - How Far I'll Go,2016-12-12,724523120.0, 2353770,   307151,   85549
332,LMFAOVEVO,LMFAO - Sexy and I Know It (Official Video),2011-09-16,724486330.0, 3949788,   335618,  429779
333,HollywoodRecordsVEVO,Miley Cyrus - Party In The U.S.A.,2009-09-25,723351010.0, 2796981,   220927,  407194
334,Macklemore LLC,MACKLEMORE & RYAN LEWIS - CAN'T HOLD US FEAT. RAY DALTON (OFFICIAL MUSIC VIDEO),2013-04-17,722294748.0, 4327458,   124856,  205851
335,Ultra Music,Era Istrefi - Bonbon (Official Video),2016-03-07,721577210.0, 3953618,   212669,  225717
336,Alan Walker,Alan Walker - The Spectre,2017-09-15,719630366.0, 5911544,   147444,  346174
337,JenniferLopezVEVO,Jennifer Lopez - Ain't Your Mama,2016-05-06,719370652.0, 4086259,   266345,  186329
338,Paulo Londra,Paulo Londra ft Lenny Tavarez - Nena Maldicion (Official Video),2018-01-29,718693012.0, 3738296,   156719,  207462
339,Omarion,Omarion Ft. Chris Brown & Jhene Aiko - Post To Be (Official Music Video),2015-02-18,717324545.0, 2788940,   179081,   97651
340,SebastianYatraVEVO,"Sebasti√°n Yatra, Mau y Ricky - Ya No Tiene Novio",2018-08-10,717122104.0, 2237388,   154736,   65665
341,PostMaloneVEVO,Post Malone - Psycho ft. Ty Dolla $ign,2018-03-23,716826143.0, 4399817,   183537,  113016
342,Bad Bunny,Bad Bunny - Soy Peor (Video oficial),2016-12-31,715938211.0, 3772937,   295692,  215650
343,Metallica,Metallica: Nothing Else Matters (Official Music Video),2009-10-27,714085037.0, 2573344,   167519,   75827
344,PitbullVEVO,Pitbull ft. Jennifer Lopez & Claudia Leitte - We Are One (Ole Ola) [Official Video],2014-05-16,713296278.0, 2951188,   318077,  213890
345,shakiraVEVO,Shakira - Me Enamor√© (Official Video),2017-05-12,711048819.0, 3221131,   259564,  133557
346,PitbullVEVO,Pitbull - Give Me Everything,2011-05-06,709375817.0, 2259000,    85552,  134355
347,DrDreVEVO,Dr. Dre ft. Snoop Dogg - Still D.R.E. (Official Video),2011-10-27,708731954.0, 4487342,   142665,  176932
348,PitbullVEVO,Pitbull ft. Chris Brown - International Love (Official Video),2011-12-08,706975798.0, 1984247,    95784,  139216
349,EvanescenceVEVO,Evanescence - Bring Me To Life (Official Music Video),2009-12-02,706300748.0, 4891101,   133200,  199473
350,AquaVEVO,Aqua - Barbie Girl,2010-08-20,704203266.0, 3364736,   352378,  264895
351,Paulo Londra,Paulo Londra - Adan y Eva (Official Video),2018-11-05,704024499.0, 4588729,   215239,  236485
352,T-Series,"SIMMBA: Aankh Marey | Ranveer Singh, Sara Ali Khan | Tanishk Bagchi, Mika, Neha Kakkar,  Kumar Sanu",2018-12-06,702602548.0, 3290085,   588173,  149623
353,FARRUKOVEVO,"Farruko, Bad Bunny, Rvssian - Krippy Kush (Official Video)",2017-08-04,702306863.0, 3469843,   422005,  201645
354,KygoOfficialVEVO,Kygo - Firestone ft. Conrad Sewell (Official Video),2015-03-09,700530841.0, 2746967,    79527,   43833
355,T-Series,"Vaaste Song: Dhvani Bhanushali, Tanishk Bagchi | Nikhil D | Bhushan Kumar | Radhika Rao, Vinay Sapru",2019-04-06,699645287.0, 6014291,   417339,  196642
356,AviciiOfficialVEVO,Avicii - Waiting For Love,2015-06-26,698692625.0, 4776900,    99477,  211772
357,Z√© Neto e Cristiano,Z√© Neto e Cristiano - LARGADO √ÄS TRA√áAS - Z√© Neto e Cristiano Ac√∫stico,2018-01-30,698646357.0, 3002368,   194705,   61279
358,FARRUKOVEVO,Farruko - Chillax ft. Ky-Mani Marley (Official Video),2016-07-23,698027170.0, 1550023,   131292,   40321
359,KendrickLamarVEVO,Kendrick Lamar - HUMBLE.,2017-03-30,696779964.0, 5623017,   299381,  207018
360,T-Series,"DILBAR Lyrical | Satyameva Jayate |John Abraham, Nora Fatehi,Tanishk B, Neha Kakkar,Dhvani, Ikka",2018-07-09,695927163.0, 2437599,   345349,  129065
361,LadyGagaVEVO,Lady Gaga - Poker Face (Official Music Video),2009-12-20,694635013.0, 3122099,   164625,  203779
362,RihannaVEVO,Rihanna - Man Down,2011-06-02,694375218.0, 2705135,   132096,  149051
363,ArianaGrandeVevo,Ariana Grande - 7 rings,2019-01-18,693138590.0, 9785065,   456518,  583758
364,Big Hit Labels,BTS (Î∞©ÌÉÑÏÜåÎÖÑÎã®) 'ÏûëÏùÄ Í≤ÉÎì§ÏùÑ ÏúÑÌïú Ïãú (Boy With Luv) (feat. Halsey)' Official MV,2019-04-12,691455837.0,13845107,   847236,4447674
365,acdcVEVO,AC/DC - Thunderstruck (Official Video),2012-11-07,691281634.0, 2935705,   160350,   90028
366,Lizos Music,BANDA MS - EL COLOR DE TUS OJOS (VIDEO OFICIAL),2017-09-23,689885799.0, 1289948,   151091,   37682
367,Adexe & Nau,Adexe y Nau - Andas En Mi Cabeza  (Chino & Nacho ft. Daddy Yankee Cover),2016-05-14,689827455.0, 3526890,   512345,  453120
368,Ozuna,Ozuna - Dile Que Tu Me Quieres (Video Oficial) | Odisea,2016-09-16,688545212.0, 2811865,   179004,  115635
369,Daddy Yankee,Daddy Yankee ft Ozuna - La Rompe Corazones (Video Lyric Oficial),2017-01-06,687267616.0, 1537862,   126760,   61064
370,Marshmello,Marshmello & Anne-Marie - FRIENDS (Lyric Video) *OFFICIAL FRIENDZONE ANTHEM*,2018-02-09,686027998.0, 6316266,   185566,  268381
371,TaylorSwiftVEVO,Taylor Swift - Wildest Dreams,2015-08-31,685706114.0, 3571536,   186606,  206728
372,CalvinHarrisVEVO,Calvin Harris - Blame ft. John Newman,2014-09-12,685337470.0, 2380804,    79143,   43481
373,EDWIN DIAZTO,J Balvin BONITA feat. Jowell & Randy,2017-05-21,683356143.0, 1935963,   294509,   67402
374,EminemVEVO,Eminem ft. Rihanna - The Monster (Explicit) [Official Video],2013-12-17,680808009.0, 4004152,   127792,  140139
375,Planet Records Cuba / La Oficina Secreta,"OSMANI GARCIA  Ft. PITBULL, SENSATO, DAYAMI LA MUSA - El Taxi (Official Video) Reggaeton Cubaton",2014-06-23,679716495.0, 1655237,   324266,  106275
376,StromaeVEVO,Stromae - Papaoutai (Clip Officiel),2013-06-06,679396527.0, 3613860,   175915,  176075
377,JessieJVEVO,Jessie J - Price Tag ft. B.o.B,2011-01-25,679257268.0, 2952825,   128436,  183967
378,Harlem Fetty,Fetty Wap  - Trap Queen (Official Video) Prod. By Tony Fadd,2014-08-07,673402804.0, 3510323,   213361,  153475
379,bonnietylerVEVO,Bonnie Tyler - Total Eclipse of the Heart (Video),2009-11-15,673021013.0, 2848175,   130725,  105915
380,MTZ Manuel Turizo,Esper√°ndote - MTZ Manuel Turizo | Video Oficial,2017-12-06,672709352.0, 1780426,    95043,   49875
381,michaeljacksonVEVO,Michael Jackson - They Don‚Äôt Care About Us (Brazil Version) (Official Video),2009-10-03,671906429.0, 4691767,   161454,  207022
382,Charlie Puth,Charlie Puth - One Call Away [Official Video],2015-09-14,667330371.0, 3681051,   112142,  128677
383,ImagineDragonsVEVO,Imagine Dragons - Whatever It Takes,2017-10-12,665583025.0, 3968615,   115846,  100718
384,SHMVEVO,Swedish House Mafia ft. John Martin - Don't You Worry Child (Official Video),2012-09-14,664944888.0, 3402163,    84309,  140731
385,SelenaGomezVEVO,Selena Gomez - The Heart Wants What It Wants (Official Video),2014-11-06,663247802.0, 4251085,   144574,  173680
386,EnriqueIglesiasVEVO,"Enrique Iglesias, Juan Luis Guerra - Cuando Me Enamoro",2010-05-18,662202722.0, 1455060,    80944,   47185
387,laadictivaVEVO,"La Adictiva Banda San Jos√© de Mesillas - Despu√©s de Ti, ¬øQui√©n? (Video Oficial)",2015-02-20,660705820.0, 1163410,   121128,   32624
388,Pica - Pica Oficial,Pica Pica - Popurr√≠ de Autob√∫s (Videoclip Oficial) - English Pitinglish,2016-03-04,660437069.0, 1607196,   907411,   11627
389,ZaraLarssonMusicVEVO,Zara Larsson - Lush Life (Official Music Video),2015-07-01,660407733.0, 3566881,   110414,  126866
390,SimoneSimariaVEVO,Simone & Simaria - Loka (Ao Vivo) ft. Anitta,2017-01-06,658046328.0, 3354354,   297524,  164750
391,Red Hot Chili Peppers,Red Hot Chili Peppers - Californication [Official Music Video],2009-10-27,655938090.0, 2425402,    98990,   88181
392,Maroon5VEVO,Maroon 5 - Moves Like Jagger ft. Christina Aguilera (Official Music Video),2011-08-09,655032714.0, 2498828,   101297,  124450
393,SelenaGomezVEVO,Selena Gomez - Come & Get It,2013-05-07,653775975.0, 3506421,   214001,  316884
394,TheWeekndVEVO,The Weeknd - I Feel It Coming ft. Daft Punk,2017-03-10,653181512.0, 3378259,   156499,  149618
395,MalumaVEVO,Maluma - HP (Official Video),2019-03-01,653026669.0, 2796096,   203169,   79267
396,SeanPaulVEVO,Sean Paul - No Lie ft. Dua Lipa,2017-01-10,652687955.0, 3419391,   105129,   69710
397,La Granja de Zen√≥n,Bartolito - La Granja de Zen√≥n 3,2015-11-14,651872836.0, 1224080,   733830,    4303
398,LuisFonsiVEVO,"Luis Fonsi, Daddy Yankee - Despacito (Remix) (Official Audio) ft. Justin Bieber",2017-04-17,651638230.0, 5866419,   587323,  405353
399,OneDirectionVEVO,One Direction - Best Song Ever,2013-07-22,651320224.0, 4854444,   338762,  864400
400,Atlantic Records,"Lil Wayne, Wiz Khalifa & Imagine Dragons w/ Logic & Ty Dolla $ign ft X Ambassadors - Sucker for Pain",2016-06-25,650464571.0, 4724901,   170994,  134541
401,Big Hit Labels,BTS (Î∞©ÌÉÑÏÜåÎÖÑÎã®) 'FAKE LOVE' Official MV,2018-05-18,649135383.0,11288802,   470050,2461665
402,BonJoviVEVO,Bon Jovi - Livin' On A Prayer (Official Music Video),2009-06-17,648543663.0, 2492719,    96848,   97349
403,RickAstleyVEVO,Rick Astley - Never Gonna Give You Up (Video),2009-10-25,648353730.0, 4636162,   185789,  702840
404,Marshmello,Marshmello & Anne-Marie - FRIENDS (Music Video) *OFFICIAL FRIENDZONE ANTHEM*,2018-02-16,648098188.0, 7354224,   200898,  252583
405,littlemixVEVO,Little Mix - Black Magic (Official Video),2015-05-29,646723140.0, 4567106,   187038,  157829
406,JonasBlueVEVO,Jonas Blue - Mama ft. William Singe,2017-05-18,646106587.0, 3334504,   121042,   65335
407,SiaVEVO,Sia - The Greatest (Official Music Video),2016-09-06,645810558.0, 4311343,   189206,  184783
408,Thisiz Balti,Balti - Ya Lili feat. Hamouda (Official Music Video),2017-10-28,645608408.0, 4525561,   387341,  256875
409,michaeljacksonVEVO,Michael Jackson - Thriller (Official Video),2009-10-03,645014330.0, 3789771,   224516,  339322
410,RobinThickeVEVO,"Robin Thicke - Blurred Lines ft. T.I., Pharrell (Official Music Video)",2013-03-20,644395072.0, 2692715,   295173,  194670
411,Chill Nation,Dynoro & Gigi D‚ÄôAgostino - In My Mind,2018-07-21,644330133.0, 5771958,   182305,  199976
412,EvanescenceVEVO,Evanescence - My Immortal (Official Music Video),2009-12-02,642916454.0, 3649424,    99410,  158147
413,KhalidVEVO,Khalid - Young Dumb & Broke (Official Music Video),2017-08-01,640758623.0, 4122698,   170065,  132788
414,jbalvinVEVO,"J. Balvin, Zion & Lennox - No Es Justo (Official Video)",2018-06-29,640513516.0, 1819501,   128775,   40717
415,1theK (ÏõêÎçîÏºÄÏù¥),[MV] BTS(Î∞©ÌÉÑÏÜåÎÖÑÎã®) _ FIRE (Î∂àÌÉÄÏò§Î•¥ÎÑ§),2016-05-01,640509088.0, 6705967,   244968,  570655
416,Biper y sus Amigos,Biper y sus Amigos - El Patito Juan,2016-11-04,640412928.0,        NULL,        NULL,      226
417,ChildishGambinoVEVO,Childish Gambino - This Is America (Official Video),2018-05-06,638950911.0, 8954303,   682615,  712360
418,Piso 21,Piso 21 - Me llamas (Feat. Maluma) [Remix],2016-12-02,638696851.0, 1480852,    93643,   38007
419,T-Series,"Cham Cham Full Video | BAAGHI | Tiger Shroff, Shraddha Kapoor| Meet Bros, Monali Thakur| Sabbir Khan",2016-05-06,638551391.0, 1356655,   315767,   51020
420,T-Series,"Badri Ki Dulhania (Title Track) Varun, Alia, Tanishk, Neha, Monali, Ikka | ""Badrinath Ki Dulhania""",2017-02-06,638544520.0, 1551194,   286383,   64035
421,Maroon5VEVO,Maroon 5 - Animals (Official Music Video),2014-09-29,637157758.0, 3629601,   183238,  143416
422,ArianaGrandeVevo,"Ariana Grande, The Weeknd - Love Me Harder",2014-11-03,636342029.0, 3263484,   150006,  147180
423,OneDirectionVEVO,One Direction - One Thing,2012-01-13,635998806.0, 3296001,   147889,  420485
424,Bruno Mars,Bruno Mars - Finesse (Remix) (feat. Cardi B] [Official Video],2018-01-04,635396380.0, 4688548,   286422,  252659
425,SilvestreDangondVEVO,"Silvestre Dangond, Nicky Jam - C√°sate Conmigo (Official Video)",2017-09-15,634629474.0, 1908522,   183752,   56051
426,JonasBlueVEVO,Jonas Blue - Perfect Strangers ft. JP Cooper,2016-06-14,634504724.0, 2886751,    81106,   42715
427,LooLoo Kids - Nursery Rhymes and Children's Songs,üöç The Wheels On The Bus üöå Fun Songs for Children | LooLoo Kids,2017-05-07,634187135.0, 1352487,   848825,   27687
428,KarolGVEVO,KAROL G - Mi Cama,2018-05-11,633947289.0, 2892476,   244932,  125792
429,OneDirectionVEVO,One Direction - Live While We're Young,2012-09-20,633790747.0, 3528798,   168078,  523657
430,MauyRickyVEVO,"Mau y Ricky, Manuel Turizo, Camilo - Desconocidos (Official Video)",2018-10-12,633165680.0, 2096863,   107228,   50762
431,El Reino Infantil,El Marinero Baila - Paco El Marinero | El Reino Infantil,2014-11-29,633145732.0,   796980,   498088,   16834
432,David Guetta,"David Guetta, Bebe Rexha & J Balvin - Say My Name (Official Video)",2018-11-20,633058807.0, 3485027,   149340,   68092
433,MariahCareyVEVO,Mariah Carey - All I Want For Christmas Is You (Official Music Video),2009-11-24,632257493.0, 2994383,   138122,  210960
434,remhq,R.E.M. - Losing My Religion (Official Music Video),2011-07-02,631399596.0, 2127286,    96157,   52814
435,AdeleVEVO,Adele - Send My Love (To Your New Lover),2016-05-23,631013516.0, 3782184,   132094,  147642
436,Canal KondZilla,Amor de Verdade - MC Kekel e MC Rita (KondZilla),2018-03-31,630929435.0, 5638315,   254987,  276452
437,AudioslaveVEVO,Audioslave - Like a Stone (Official Video),2009-10-25,627675779.0, 2281816,    97882,   86658
438,HoobastankVEVO,Hoobastank - The Reason (Official Music Video),2009-10-07,625628351.0, 2792015,    93553,   64963
439,AnuelVEVO,Anuel AA - Ella Quiere Beber (Remix) ft. Romeo Santos,2018-11-01,625462568.0, 2131811,   144606,   51623
440,CalvinHarrisVEVO,"Calvin Harris, Dua Lipa - One Kiss (Official Video)",2018-05-02,622279168.0, 3321431,   161559,   80046
441,BobbyShmurdaVEVO,Bobby Shmurda - Hot N*gga (Official Video),2014-08-01,622273851.0, 3863689,   242050,  255628
442,RomeoSantosVEVO,Romeo Santos - Yo Tambi√©n (Official Video) ft. Marc Anthony,2015-01-23,621241708.0, 1242633,   102296,   26526
443,KatyPerryVEVO,Katy Perry - Chained To The Rhythm (Official) ft. Skip Marley,2017-02-21,620897276.0, 3715298,   232678,  162027
444,JustinBieberVEVO,Justin Bieber - One Time,2009-11-24,620498502.0, 2743197,   685462,  389772
445,T-Series,Official Video: Nikle Currant Song | Jassi Gill | Neha Kakkar | Sukh-E Muzical Doctorz | Jaani,2018-10-12,620432139.0, 3003164,   281455,  149815
446,Big Hit Labels,BTS (Î∞©ÌÉÑÏÜåÎÖÑÎã®) 'MIC Drop (Steve Aoki Remix)' Official MV,2017-11-24,619344214.0, 8864566,   247263,  999568
447,DillonFrancisVEVO,"Dillon Francis, DJ Snake - Get Low (Video)",2014-05-22,619199682.0, 3946225,   166541,   89018
448,AlvaroSolerVEVO,Alvaro Soler - Sofia (Video Oficial),2016-04-15,618088408.0, 3365005,   222608,  167036
449,Charlie Puth,Charlie Puth - Marvin Gaye ft. Meghan Trainor [Official Video],2015-04-01,617515607.0, 2991780,   123001,   93530
450,T-Series,Cheez Badi  Full Video | Machine | Mustafa & Kiara Advani | Udit Narayan & Neha Kakkar | T-Series,2017-04-03,617105732.0, 1622757,   222264,   64651
451,Zee Music Company,Jaha Tum Rahoge | Maheruh | Amit Dolawat & Drisha More | Altamash Faridi | Kalyan Bhardhan,2017-11-02,615509352.0,   923102,   360833,   56571
452,PostMaloneVEVO,Post Malone - rockstar ft. 21 Savage,2017-11-22,615506905.0, 7975333,   251146,  318605
453,MeghanTrainorVEVO,Meghan Trainor - Like I'm Gonna Lose You (Official Music Video) ft. John Legend,2015-07-10,615282299.0, 3286694,    98300,   77775
454,Big Hit Labels,BTS (Î∞©ÌÉÑÏÜåÎÖÑÎã®) 'IDOL' Official MV,2018-08-24,614429014.0,11059790,   667277,2229016
455,TaylorSwiftVEVO,Taylor Swift - Style,2015-02-13,614232069.0, 2714949,   144462,  139039
456,Piso 21,Piso 21 ft. Paulo Londra - Te Amo (Video Oficial),2018-03-15,614060631.0, 2363883,   107232,   82226
457,Zee Music Company,Kala Chashma | Baar Baar Dekho | Sidharth M Katrina K | Prem & Hardeep ft Badshah Neha K Indeep,2016-07-27,613594355.0, 1666796,   273994,   47299
458,VIP Records,Daru Badnaam | Kamal Kahlon & Param Singh | Official Video | Pratik Studio | Latest Punjabi Songs,2016-12-24,612082760.0, 3323173,   299186,  154695
459,shakiraVEVO,"Shakira - Try Everything (From ""Zootopia"") [Official Music Video]",2016-03-04,611350419.0, 2612684,   182865,  133207
460,BeckyGVEVO,"Becky G, Paulo Londra - Cuando Te Bes√© (Official Video)",2018-08-02,607975792.0, 3189907,   182084,  136691
461,RaymixVEVO,Raymix - Oye Mujer,2015-09-21,606962514.0, 1572563,   181024,   69572
462,RHINO,The Chipettes - Single Ladies (Official Music Video),2010-08-04,606373303.0, 1168356,   275750,   38860
463,justintimberlakeVEVO,Justin Timberlake - Mirrors (Official Music Video),2013-03-20,605213507.0, 3065060,    89579,  135045
464,Coldplay,Coldplay - Viva La Vida,2008-08-04,603852275.0, 2613035,    75757,  208885
465,Lizos Music,BANDA MS - SOLO CON VERTE (VIDEO OFICIAL),2015-11-09,602719580.0, 1410556,   107466,   43988
466,Ed Sheeran,Ed Sheeran - Give Me Love [Official Video],2012-11-09,602140285.0, 2604971,    78417,   89452
467,Hear This Music,"La Ocasi√≥n - De La Ghetto, Arcangel, Ozuna, Anuel Aa, Dj Luian, Mambo Kingz [Video Oficial]",2016-02-13,602083342.0, 2202268,   154173,  103456
468,IndilaVEVO,Indila - Derni√®re Danse (Clip Officiel),2013-12-04,601950115.0, 4101105,   116687,  193412
469,LilWayneVEVO,Lil Wayne - Mirror ft. Bruno Mars,2012-01-31,600912525.0, 3398467,   145925,  268158
470,YRF,"Dil Diyan Gallan Song | Tiger Zinda Hai | Salman Khan, Katrina Kaif | Atif, Vishal & Shekhar, Irshad",2017-12-02,600200223.0, 2567556,   238868,  145823
471,toyorbabytv,ÿ£ŸÑŸàÿßŸÜ - ÿ∑ŸäŸàÿ± ÿ®Ÿäÿ®Ÿä Toyor Baby,2016-09-11,599740556.0,        NULL,        NULL,       NULL
472,Bruno Mars,Bruno Mars - It Will Rain (Official Video),2011-11-10,599712041.0, 2293610,    59910,  120884
473,RomeoSantosVEVO,"Romeo Santos, Daddy Yankee, Nicky Jam - Bella y Sensual (Official Video)",2017-11-24,599674575.0, 1979686,   163388,   51294
474,fosterthepeopleVEVO,Foster The People - Pumped up Kicks (Official Music Video),2011-02-05,599665398.0, 5133247,   125839,  395975
475,TaylorSwiftVEVO,Taylor Swift - We Are Never Ever Getting Back Together,2012-09-01,598676479.0, 2737892,   151492,  202505
476,CNCOVEVO,CNCO - Quisiera (Official Video),2016-06-03,596434702.0, 1773315,   126956,   99872
477,XXXTENTACION,XXXTENTACION - changes,2018-03-02,590876745.0, 7521384,   113590,  606136
478,YRF,Nashe Si Chadh Gayi Song | Befikre | Ranveer Singh | Vaani Kapoor | Arijit Singh,2016-10-18,590353663.0, 1278991,   141886,   54017
479,AkonVEVO,Akon ft. Eminem - Smack That (Official Video),2009-12-13,588862795.0, 3393954,   112406,  118038
480,El Reino Infantil,Cuidado con la Bomba Chita - Las Canciones del Zoo | El Reino Infantil,2013-11-30,588787780.0,   673651,   365995,   20885
481,Bruno Mars,Bruno Mars - Locked Out Of Heaven (Official Video),2012-10-15,587151612.0, 2516951,    79094,  119109
482,acdcVEVO,AC/DC - Back In Black (Official Video),2012-11-07,585677160.0, 2918837,   112392,   88888
483,PharrellWilliamsVEVO,Pharrell Williams - Happy (Official Music Video),2014-01-08,585660921.0, 3242432,   165255,  105595
484,Disturbed,Disturbed  - The Sound Of Silence [Official Music Video],2015-12-08,585068421.0, 3494288,   209413,  167682
485,DemiLovatoVEVO,"Demi Lovato - Let It Go (from ""Frozen"") (Official Video)",2013-11-01,584495150.0, 3140657,   200729,  161891
486,HarryStylesVEVO,Harry Styles - Sign of the Times (Video),2017-05-08,582927254.0, 4558205,   144722,  194805
487,KatyPerryVEVO,Katy Perry - Swish Swish (Official) ft. Nicki Minaj,2017-08-24,582697295.0, 4710307, 1154956,  466785
488,Lil Dicky,Lil Dicky  - Freaky Friday feat. Chris Brown (Official Music Video),2018-03-15,581257554.0, 4564829,   313380,  249022
489,Robin Schulz,Lilly Wood & The Prick and Robin Schulz - Prayer In C (Robin Schulz Remix) (Official),2014-05-20,579901401.0, 2508047,    66186,   44199
490,Galinha Pintadinha,SAMBALEL√ä - Clipe M√∫sica Oficial - Galinha Pintadinha DVD 4,2014-06-14,579077211.0,   849795,   513157,   12238
491,Daddy Yankee,Daddy Yankee & Bad Bunny - Vuelve (Video Oficial),2017-09-29,578938423.0, 2312941,   142867,   82941
492,BonJoviVEVO,Bon Jovi - Always (Official Music Video),2009-06-17,578411566.0, 1840445,    89980,   58008
493,Sofia Reyes,"Sofia Reyes - 1, 2, 3 (feat. Jason Derulo & De La Ghetto) [Official Video]",2018-02-16,578182121.0, 2593002,   188890,   89209
494,BANDA MS,BANDA MS - NO ME PIDAS PERD√ìN (VIDEO OFICIAL),2014-05-14,578152910.0,   906769,    96334,   19581
495,TaylorSwiftVEVO,"ZAYN, Taylor Swift - I Don‚Äôt Wanna Live Forever (Fifty Shades Darker)",2017-01-27,578096257.0, 3883421,   178232,  127328
496,FutureVEVO,Future - Low Life (Official Music Video) ft. The Weeknd,2016-03-26,576459634.0, 2485658,   194704,   63003
497,BillieEilishVEVO,"Billie Eilish, Khalid - lovely",2018-04-26,576411236.0, 8108741,   113922,  197800
498,georgemichaelVEVO,George Michael - Careless Whisper (Official Video),2009-10-25,574361890.0, 3060638,   105794,  175192
499,JessieJVEVO,Jessie J - Flashlight (from Pitch Perfect 2),2015-04-23,573930252.0, 3606721,    98895,   96387
500,wisinofficalVEVO,"Wisin, Carlos Vives - Nota de Amor (Official Video) ft. Daddy Yankee",2015-04-17,573367556.0, 1365358,    66531,   37831
